iso3,year,ethnic_group,share,model_name,type,total_pop_interp,count
IDN,2000,"Banjar, Melayu Banjar",0.017386414487067302,HIST,historical,201092238.0,3496272.999999986
IDN,2000,Banten,0.020454106239545602,HIST,historical,201092238.0,4113161.9999999893
IDN,2000,Betawi,0.02507151966750701,HIST,historical,201092238.0,5041688.0
IDN,2000,"Bugis, Ugi",0.02491604375102731,HIST,historical,201092238.0,5010422.999999996
IDN,2000,Jawa,0.4164897354218119,HIST,historical,201092238.0,83752853.00000003
IDN,2000,Madura,0.03367473089637601,HIST,historical,201092238.0,6771726.999999997
IDN,2000,Minangkabau,0.027227032999652605,HIST,historical,201092238.0,5475144.999999995
IDN,2000,Other,0.2807296967872028,HIST,historical,201092238.0,56452563.000000015
IDN,2000,"Sunda, Priangan",0.15405071974980952,HIST,historical,201092238.0,30978403.999999996
IDN,2005,"Banjar, Melayu Banjar",0.02874260529225681,HIST,historical,218910308.5,6292052.591621672
IDN,2005,Banten,0.020064876577348206,HIST,historical,218910308.5,4392408.321561721
IDN,2005,Betawi,0.026915041330882312,HIST,historical,218910308.5,5891980.001033698
IDN,2005,"Bugis, Ugi",0.025890505185847908,HIST,historical,218910308.5,5667698.477454816
IDN,2005,Jawa,0.4093551494655071,HIST,historical,218910308.5,89612062.05555779
IDN,2005,Madura,0.032001064938564715,HIST,historical,218910308.5,7005362.998029737
IDN,2005,Minangkabau,0.02726357617433621,HIST,historical,218910308.5,5968277.871137191
IDN,2005,Other,0.2752232951706986,HIST,historical,218910308.5,60249216.452204205
IDN,2005,"Sunda, Priangan",0.15454388586455806,HIST,historical,218910308.5,33831249.7313992
IDN,2010,"Banjar, Melayu Banjar",0.04009879609744632,HIST,historical,236728379.0,9492522.999999994
IDN,2010,Banten,0.01967564691515081,HIST,historical,236728379.0,4657784.000000002
IDN,2010,Betawi,0.028758562994257615,HIST,historical,236728379.0,6807967.999999992
IDN,2010,"Bugis, Ugi",0.02686496662066861,HIST,historical,236728379.0,6359699.999999988
IDN,2010,Jawa,0.4022205635092024,HIST,historical,236728379.0,95217022.00000003
IDN,2010,Madura,0.030327398980753314,HIST,historical,236728379.0,7179355.999999984
IDN,2010,Minangkabau,0.02730011934901981,HIST,historical,236728379.0,6462712.999999995
IDN,2010,Other,0.26971689355419454,HIST,historical,236728379.0,63849643.00000002
IDN,2010,"Sunda, Priangan",0.15503705197930664,HIST,historical,236728379.0,36701670.0
IDN,2015,"Banjar, Melayu Banjar",0.04009879609744632,HIST,historical,236728379.0,9492522.999999994
IDN,2015,Banten,0.01967564691515081,HIST,historical,236728379.0,4657784.000000002
IDN,2015,Betawi,0.028758562994257615,HIST,historical,236728379.0,6807967.999999992
IDN,2015,"Bugis, Ugi",0.02686496662066861,HIST,historical,236728379.0,6359699.999999988
IDN,2015,Jawa,0.4022205635092024,HIST,historical,236728379.0,95217022.00000003
IDN,2015,Madura,0.030327398980753314,HIST,historical,236728379.0,7179355.999999984
IDN,2015,Minangkabau,0.02730011934901981,HIST,historical,236728379.0,6462712.999999995
IDN,2015,Other,0.26971689355419454,HIST,historical,236728379.0,63849643.00000002
IDN,2015,"Sunda, Priangan",0.15503705197930664,HIST,historical,236728379.0,36701670.0
IDN,2020,"Banjar, Melayu Banjar",0.04009879609744632,HIST,historical,236728379.0,9492522.999999994
IDN,2020,Banten,0.01967564691515081,HIST,historical,236728379.0,4657784.000000002
IDN,2020,Betawi,0.028758562994257615,HIST,historical,236728379.0,6807967.999999992
IDN,2020,"Bugis, Ugi",0.02686496662066861,HIST,historical,236728379.0,6359699.999999988
IDN,2020,Jawa,0.4022205635092024,HIST,historical,236728379.0,95217022.00000003
IDN,2020,Madura,0.030327398980753314,HIST,historical,236728379.0,7179355.999999984
IDN,2020,Minangkabau,0.02730011934901981,HIST,historical,236728379.0,6462712.999999995
IDN,2020,Other,0.26971689355419454,HIST,historical,236728379.0,63849643.00000002
IDN,2020,"Sunda, Priangan",0.15503705197930664,HIST,historical,236728379.0,36701670.0
IDN,2024,"Banjar, Melayu Banjar",0.07189613035197703,HIST,historical,286618976.4000015,20606795.28860474
IDN,2024,Banten,0.018585803860998007,HIST,historical,286618976.4000015,5327044.078210445
IDN,2024,Betawi,0.03392042365170851,HIST,historical,286618976.4000015,9722237.106107095
IDN,2024,"Bugis, Ugi",0.02959345863816641,HIST,historical,286618976.4000015,8482046.82300704
IDN,2024,Jawa,0.3822437228315487,HIST,historical,286618976.4000015,109558304.57330438
IDN,2024,Madura,0.025641134298881808,HIST,historical,286618976.4000015,7349235.666480474
IDN,2024,Minangkabau,0.027402440238133912,HIST,historical,286618976.4000015,7854059.371916156
IDN,2024,Other,0.254298969027983,HIST,historical,286618976.4000015,72886910.20237617
IDN,2024,"Sunda, Priangan",0.15641791710060265,HIST,historical,286618976.4000015,44832343.28999503
MYS,2000,Chinese,0.24455354722232606,HIST,historical,23274690.0,5691908.0
MYS,2000,Indian,0.07218708390960302,HIST,historical,23274690.0,1680131.9999999981
MYS,2000,Malay,0.5018507657889322,HIST,historical,23274690.0,11680421.000000002
MYS,2000,Non-Malaysian citizens,0.05949699007806331,HIST,historical,23274690.0,1384773.9999999993
MYS,2000,Other,0.011587565720531602,HIST,historical,23274690.0,269696.9999999997
MYS,2000,Other Bumi,0.11032404728054383,HIST,historical,23274690.0,2567758.000000001
MYS,2005,Chinese,0.23494681249403396,HIST,historical,25379643.0,5962866.225086521
MYS,2005,Indian,0.06980511624899892,HIST,historical,25379643.0,1771628.9299730917
MYS,2005,Malay,0.5012556951901245,HIST,historical,25379643.0,12721690.595642176
MYS,2005,Non-Malaysian citizens,0.07075368208998921,HIST,historical,25379643.0,1795703.19237942
MYS,2005,Other,0.009139693420493701,HIST,historical,25379643.0,231962.15614157903
MYS,2005,Other Bumi,0.11409900055635973,HIST,historical,25379643.0,2895791.9007772114
MYS,2010,Chinese,0.22534007776574194,HIST,historical,27484596.0,6193381.0
MYS,2010,Indian,0.06742314858839471,HIST,historical,27484596.0,1853097.9999999988
MYS,2010,Malay,0.5006606245913167,HIST,historical,27484596.0,13760455.000000004
MYS,2010,Non-Malaysian citizens,0.08201037410191511,HIST,historical,27484596.0,2254021.9999999995
MYS,2010,Other,0.006691821120455902,HIST,historical,27484596.0,183921.9999999978
MYS,2010,Other Bumi,0.11787395383217562,HIST,historical,27484596.0,3239717.9999999986
MYS,2015,Chinese,0.21887839743010054,HIST,historical,29965990.5,6558907.978045617
MYS,2015,Indian,0.06451186837028391,HIST,historical,29965990.5,1933162.0347211782
MYS,2015,Malay,0.5109522083282663,HIST,historical,29965990.5,15311189.020718848
MYS,2015,Non-Malaysian citizens,0.08247339781740301,HIST,historical,29965990.5,2471397.0554990196
MYS,2015,Other,0.006668782341729001,HIST,historical,29965990.5,199836.668298819
MYS,2015,Other Bumi,0.11651534571221732,HIST,historical,29965990.5,3491497.74271652
MYS,2020,Chinese,0.21241671709445925,HIST,historical,32447385.0,6892367.000000001
MYS,2020,Indian,0.06160058815217311,HIST,historical,32447385.0,1998777.9999999995
MYS,2020,Malay,0.5212437920652159,HIST,historical,32447385.0,16912998.000000004
MYS,2020,Non-Malaysian citizens,0.08293642153289081,HIST,historical,32447385.0,2691069.999999998
MYS,2020,Other,0.006645743563002002,HIST,historical,32447385.0,215636.9999999977
MYS,2020,Other Bumi,0.11515673759225893,HIST,historical,32447385.0,3736534.9999999986
MYS,2024,Chinese,0.20494099960466874,HIST,historical,34156443.50000024,7000055.673830439
MYS,2024,Indian,0.05965972651985562,HIST,historical,34156443.50000024,2037764.0781009144
MYS,2024,Malay,0.5214935125418864,HIST,historical,34156443.50000024,17812363.696753606
MYS,2024,Non-Malaysian citizens,0.09122219725600353,HIST,historical,34156443.50000024,3115825.8265205612
MYS,2024,Other,0.004849101291059001,HIST,historical,34156443.50000024,165628.05427383498
MYS,2024,Other Bumi,0.11783446278652684,HIST,historical,34156443.50000024,4024806.170520885
USA,2000,American Indian and Alaska native,0.008798021572634703,HIST,historical,281421906.0,2475955.999999976
USA,2000,Asian,0.036397301637208015,HIST,historical,281421906.0,10242998.0
USA,2000,Black or African American,0.12315384574220034,HIST,historical,281421906.0,34658190.00000001
USA,2000,Native Hawaiian and other Pacific Islander,0.0014172137687106004,HIST,historical,281421906.0,398834.9999999803
USA,2000,Some other race,0.05457667890288542,HIST,historical,281421906.0,15359073.000000004
USA,2000,Two or more races,0.024256206977718308,HIST,historical,281421906.0,6826227.999999986
USA,2000,White,0.7514007313986426,HIST,historical,281421906.0,211460626.00000006
USA,2005,American Indian and Alaska native,0.009147659170022901,HIST,historical,295083722.0,2699325.315477789
USA,2005,Asian,0.041962965106443206,HIST,historical,295083722.0,12382587.92976539
USA,2005,Black or African American,0.12462126555565743,HIST,historical,295083722.0,36773706.880513795
USA,2005,Native Hawaiian and other Pacific Islander,0.0015831345026297004,HIST,historical,295083722.0,467157.22146259085
USA,2005,Some other race,0.05823189271503671,HIST,historical,295083722.0,17183283.64145772
USA,2005,Two or more races,0.026717906240923506,HIST,historical,295083722.0,7884019.217618738
USA,2005,White,0.7377351767092865,HIST,historical,295083722.0,217693641.793704
USA,2010,American Indian and Alaska native,0.009497296767411003,HIST,historical,308745538.0,2932247.999999971
USA,2010,Asian,0.04752862857567842,HIST,historical,308745538.0,14674252.000000007
USA,2010,Black or African American,0.12608868536911455,HIST,historical,308745538.0,38929319.0
USA,2010,Native Hawaiian and other Pacific Islander,0.001749055236548801,HIST,historical,308745538.0,540012.9999999768
USA,2010,Some other race,0.06188710652718803,HIST,historical,308745538.0,19107367.999999978
USA,2010,Two or more races,0.029179605504128715,HIST,historical,308745538.0,9009072.999999981
USA,2010,White,0.7240696220199305,HIST,historical,308745538.0,223553265.0000001
USA,2015,American Indian and Alaska native,0.010371130032715304,HIST,historical,320097409.5,3319771.857059819
USA,2015,Asian,0.053762944757036024,HIST,historical,320097409.5,17209379.34381884
USA,2015,Black or African American,0.12505111469502367,HIST,historical,320097409.5,40028537.868964456
USA,2015,Native Hawaiian and other Pacific Islander,0.0019153595638413006,HIST,historical,320097409.5,613101.6346466502
USA,2015,Some other race,0.07305514710349743,HIST,historical,320097409.5,23384763.33847096
USA,2015,Two or more races,0.06565182783456863,HIST,historical,320097409.5,21014980.018785413
USA,2015,White,0.6701924760133177,HIST,historical,320097409.5,214526875.43825388
USA,2020,American Indian and Alaska native,0.011244963298019602,HIST,historical,331449281.0,3727134.999999986
USA,2020,Asian,0.059997260938393714,HIST,historical,331449281.0,19886048.99999998
USA,2020,Black or African American,0.12401354402093273,HIST,historical,331449281.0,41104200.0
USA,2020,Native Hawaiian and other Pacific Islander,0.0020816638911339003,HIST,historical,331449281.0,689965.9999999935
USA,2020,Some other race,0.08422318767980672,HIST,historical,331449281.0,27915714.999999993
USA,2020,Two or more races,0.10212405016500853,HIST,historical,331449281.0,33848943.00000001
USA,2020,White,0.6163153300067048,HIST,historical,331449281.0,204277273.00000003
USA,2024,American Indian and Alaska native,0.011559619753791302,HIST,historical,342224737.5000019,3955987.835841065
USA,2024,Asian,0.06449436856125651,HIST,historical,342224737.5000019,22071568.351104386
USA,2024,Black or African American,0.12502048050586204,HIST,historical,342224737.5000019,42785101.12324274
USA,2024,Native Hawaiian and other Pacific Islander,0.0022144260511607005,HIST,historical,342224737.5000019,757831.3740716365
USA,2024,Some other race,0.08764821384713851,HIST,historical,342224737.5000019,29995386.97618101
USA,2024,Two or more races,0.10636077778005512,HIST,historical,342224737.5000019,36399289.2560754
USA,2024,White,0.6027021135007358,HIST,historical,342224737.5000019,206259572.58348566
IDN,2025,"Banjar, Melayu Banjar",0.07290867275055347,ET_BASE,forecast,292774488.82756096,21345799.395639215
IDN,2030,"Banjar, Melayu Banjar",0.07880016762683235,ET_BASE,forecast,325592719.3299122,25656760.861273263
IDN,2035,"Banjar, Melayu Banjar",0.08363526792664051,ET_BASE,forecast,362089672.8576832,30283466.802921947
IDN,2025,"Banjar, Melayu Banjar",0.0724796334154021,ET_GDELT,forecast,292774488.82756096,21220187.62360336
IDN,2030,"Banjar, Melayu Banjar",0.07760239243775623,ET_GDELT,forecast,325592719.3299122,25266773.98031606
IDN,2035,"Banjar, Melayu Banjar",0.08738683681463305,ET_GDELT,forecast,362089672.8576832,31641871.154278226
IDN,2025,Banten,0.02342950884382099,ET_BASE,forecast,292774488.82756096,6859562.475230509
IDN,2030,Banten,0.052138008253736136,ET_BASE,forecast,325592719.3299122,16975755.887779355
IDN,2035,Banten,0.07480730008901265,ET_BASE,forecast,362089672.8576832,27086950.816597126
IDN,2025,Banten,0.0186294764900687,ET_GDELT,forecast,292774488.82756096,5454235.456504928
IDN,2030,Banten,0.01875484990102345,ET_GDELT,forecast,325592719.3299122,6106442.5798985595
IDN,2035,Banten,0.01893302385949712,ET_GDELT,forecast,362089672.8576832,6855452.415492022
IDN,2025,Betawi,0.037739261792656895,ET_BASE,forecast,292774488.82756096,11049093.080074625
IDN,2030,Betawi,0.06011840299313427,ET_BASE,forecast,325592719.3299122,19574114.31230612
IDN,2035,Betawi,0.07739236308412245,ET_BASE,forecast,362089672.8576832,28022975.430812936
IDN,2025,Betawi,0.034377690705182797,ET_GDELT,forecast,292774488.82756096,10064910.823281886
IDN,2030,Betawi,0.04676763248396807,ET_GDELT,forecast,325592719.3299122,15227200.6370771
IDN,2035,Betawi,0.0633773987079487,ET_GDELT,forecast,362089672.8576832,22948301.564732097
IDN,2025,"Bugis, Ugi",0.033749655913636566,ET_BASE,forecast,292774488.82756096,9881038.258221015
IDN,2030,"Bugis, Ugi",0.05799975483067588,ET_BASE,forecast,325592719.3299122,18884297.895787973
IDN,2035,"Bugis, Ugi",0.07675992100163445,ET_BASE,forecast,362089672.8576832,27793974.684063423
IDN,2025,"Bugis, Ugi",0.029643490612309233,ET_GDELT,forecast,292774488.82756096,8678857.811083438
IDN,2030,"Bugis, Ugi",0.02864330587180465,ET_GDELT,forecast,325592719.3299122,9326051.849399317
IDN,2035,"Bugis, Ugi",0.029273410698163416,ET_GDELT,forecast,362089672.8576832,10599599.703126594
IDN,2025,Jawa,0.3713869098156411,ET_BASE,forecast,292774488.82756096,108732612.67852181
IDN,2030,Jawa,0.30830317597780665,ET_BASE,forecast,325592719.3299122,100381269.44466254
IDN,2035,Jawa,0.25910754148502385,ET_BASE,forecast,362089672.8576832,93820164.93127085
IDN,2025,Jawa,0.381188407945902,ET_GDELT,forecast,292774488.82756096,111602241.28335322
IDN,2030,Jawa,0.36715865983317236,ET_GDELT,forecast,325592719.3299122,119544186.48060879
IDN,2035,Jawa,0.34155705628882577,ET_GDELT,forecast,362089672.8576832,123674282.7738542
IDN,2025,Madura,0.030109197258702553,ET_BASE,forecast,292774488.82756096,8815204.83642484
IDN,2030,Madura,0.05600083241810319,ET_BASE,forecast,325592719.3299122,18233463.311748922
IDN,2035,Madura,0.07632470164342518,ET_BASE,forecast,362089672.8576832,27636386.249028098
IDN,2025,Madura,0.025856225913259485,ET_GDELT,forecast,292774488.82756096,7570043.324764482
IDN,2030,Madura,0.028133169522347394,ET_GDELT,forecast,325592719.3299122,9159955.168150494
IDN,2035,Madura,0.02980028895074277,ET_GDELT,forecast,362089672.8576832,10790376.87723888
IDN,2025,Minangkabau,0.03172538046082651,ET_BASE,forecast,292774488.82756096,9288382.047278373
IDN,2030,Minangkabau,0.05689679025743784,ET_BASE,forecast,325592719.3299122,18525180.66106284
IDN,2035,Minangkabau,0.07657225930535169,ET_BASE,forecast,362089672.8576832,27726024.321848482
IDN,2025,Minangkabau,0.02744121071955738,ET_GDELT,forecast,292774488.82756096,8034086.441227798
IDN,2030,Minangkabau,0.028192368592202928,ET_GDELT,forecast,325592719.3299122,9179229.954286559
IDN,2035,Minangkabau,0.03038358617761509,ET_GDELT,forecast,362089672.8576832,11001582.779295873
IDN,2025,Other,0.2470683233118385,ET_BASE,forecast,292774488.82756096,72335302.06310607
IDN,2030,Other,0.20416774583222325,ET_BASE,forecast,325592719.3299122,66475531.564971924
IDN,2035,Other,0.16982912537647155,ET_BASE,forecast,362089672.8576832,61493372.44927304
IDN,2025,Other,0.253826980027443,ET_GDELT,forecast,292774488.82756096,74314064.32817815
IDN,2030,Other,0.24749204011709922,ET_GDELT,forecast,325592719.3299122,80581606.35423405
IDN,2035,Other,0.23990596049782273,ET_GDELT,forecast,362089672.8576832,86867470.75326489
IDN,2025,"Sunda, Priangan",0.15188308985232346,ET_BASE,forecast,292774488.82756096,44467493.993064515
IDN,2030,"Sunda, Priangan",0.12557512181005034,ET_BASE,forecast,325592719.3299122,40886345.390319265
IDN,2035,"Sunda, Priangan",0.10557152008831773,ET_BASE,forecast,362089672.8576832,38226357.171867296
IDN,2025,"Sunda, Priangan",0.1565568841708752,ET_GDELT,forecast,292774488.82756096,45835861.73556366
IDN,2030,"Sunda, Priangan",0.15725558124062564,ET_GDELT,forecast,325592719.3299122,51201272.32594123
IDN,2035,"Sunda, Priangan",0.1593824380047514,ET_GDELT,forecast,362089672.8576832,57710734.83640041
MYS,2025,Chinese,0.20241260362789962,ET_BASE,forecast,34656814.73002449,7014976.102953999
MYS,2030,Chinese,0.18534203960055853,ET_BASE,forecast,37270794.29241125,6907845.031688359
MYS,2035,Chinese,0.16792740996015118,ET_BASE,forecast,40081932.457104765,6730855.103719322
MYS,2025,Chinese,0.20448715479728,ET_GDELT,forecast,34656814.73002449,7086873.438479172
MYS,2030,Chinese,0.20040226266216504,ET_GDELT,forecast,37270794.29241125,7469151.50741532
MYS,2035,Chinese,0.19401664251687786,ET_GDELT,forecast,40081932.457104765,7776561.960915739
MYS,2025,Indian,0.06251241947816347,ET_BASE,forecast,34656814.73002449,2166481.3401802853
MYS,2030,Indian,0.0816633099925087,ET_BASE,forecast,37270794.29241125,3043656.427968205
MYS,2035,Indian,0.10033962939778206,ET_BASE,forecast,40081932.457104765,4021806.2482928243
MYS,2025,Indian,0.059706580199516315,ET_GDELT,forecast,34656814.73002449,2069239.8881379857
MYS,2030,Indian,0.059856641453657024,ET_GDELT,forecast,37270794.29241125,2230904.5706538665
MYS,2035,Indian,0.05972117756304854,ET_GDELT,forecast,40081932.457104765,2393740.205340872
MYS,2025,Malay,0.5148221738398489,ET_BASE,forecast,34656814.73002449,17842096.6976761
MYS,2030,Malay,0.46864641946572505,ET_BASE,forecast,37270794.29241125,17466824.295782115
MYS,2035,Malay,0.42020160923556066,ET_BASE,forecast,40081932.457104765,16842492.51974647
MYS,2025,Malay,0.5214439217017985,ET_GDELT,forecast,34656814.73002449,18071585.38651663
MYS,2030,Malay,0.5201720202002944,ET_GDELT,forecast,37270794.29241125,19387224.36155316
MYS,2035,Malay,0.5173744139440051,ET_GDELT,forecast,40081932.457104765,20737366.314737774
MYS,2025,Non-Malaysian citizens,0.09227564567852674,ET_BASE,forecast,34656814.73002449,3197979.956374086
MYS,2030,Non-Malaysian citizens,0.09913712712359134,ET_BASE,forecast,37270794.29241125,3694919.4717639973
MYS,2035,Non-Malaysian citizens,0.10776286832377609,ET_BASE,forecast,40081932.457104765,4319344.009537468
MYS,2025,Non-Malaysian citizens,0.09165456878327138,ET_GDELT,forecast,34656814.73002449,3176455.409482123
MYS,2030,Non-Malaysian citizens,0.09682916057722729,ET_GDELT,forecast,37270794.29241125,3608899.7253806945
MYS,2035,Non-Malaysian citizens,0.10620911356789214,ET_GDELT,forecast,40081932.457104765,4257066.516357223
MYS,2025,Other,0.01067766292409139,ET_BASE,forecast,34656814.73002449,370053.7857098868
MYS,2030,Other,0.050332350879456846,ET_BASE,forecast,37270794.29241125,1875926.695881701
MYS,2035,Other,0.08811698995508703,ET_BASE,forecast,40081932.457104765,3531899.2397031775
MYS,2025,Other,0.004858339704874555,ET_GDELT,forecast,34656814.73002449,168374.57904735932
MYS,2030,Other,0.004905655607956489,ET_GDELT,forecast,37270794.29241125,182837.68103355993
MYS,2035,Other,0.004967758315963954,ET_GDELT,forecast,40081932.457104765,199117.3532836877
MYS,2025,Other Bumi,0.11729949445146995,ET_BASE,forecast,34656814.73002449,4065226.847130129
MYS,2030,Other Bumi,0.11487875293815943,ET_BASE,forecast,37270794.29241125,4281622.369326876
MYS,2035,Other Bumi,0.11565149312764302,ET_BASE,forecast,40081932.457104765,4635535.336105503
MYS,2025,Other Bumi,0.11784943481325905,ET_GDELT,forecast,34656814.73002449,4084286.028361217
MYS,2030,Other Bumi,0.11783425949869987,ET_GDELT,forecast,37270794.29241125,4391776.446374648
MYS,2035,Other Bumi,0.11771089409221254,ET_GDELT,forecast,40081932.457104765,4718080.106469476
USA,2025,American Indian and Alaska native,0.016779453854948514,ET_BASE,forecast,344775875.6153538,5785150.895187298
USA,2030,American Indian and Alaska native,0.050625589741106584,ET_BASE,forecast,357819682.006239,18114832.422541074
USA,2035,American Indian and Alaska native,0.07937632676858139,ET_BASE,forecast,371356970.96709573,29476952.275274783
USA,2025,American Indian and Alaska native,0.01161126481674091,ET_GDELT,forecast,344775875.6153538,4003283.994193599
USA,2030,American Indian and Alaska native,0.012441814172146352,ET_GDELT,forecast,357819682.006239,4451925.990658125
USA,2035,American Indian and Alaska native,0.015525502893150755,ET_GDELT,forecast,371356970.96709573,5765503.727141346
USA,2025,Asian,0.06654101123933914,ET_BASE,forecast,344775875.6153538,22941735.414374255
USA,2030,Asian,0.07954135354107984,ET_BASE,forecast,357819682.006239,28461461.83041502
USA,2035,Asian,0.0901170410363493,ET_BASE,forecast,371356970.96709573,33465591.39177614
USA,2025,Asian,0.0649061047509529,ET_GDELT,forecast,344775875.6153538,22378059.09829167
USA,2030,Asian,0.06988460789240912,ET_GDELT,forecast,357819682.006239,25006088.17319253
USA,2035,Asian,0.07803829104604842,ET_GDELT,forecast,371356970.96709573,28980063.382309172
USA,2025,Black or African American,0.12304193783337442,ET_BASE,forecast,344775875.6153538,42421891.85391159
USA,2030,Black or African American,0.11257829623303607,ET_BASE,forecast,357819682.006239,40282730.15890914
USA,2035,Black or African American,0.1097448602244732,ET_BASE,forecast,371356970.96709573,40754518.87216768
USA,2025,Black or African American,0.12490732156279151,ET_GDELT,forecast,344775875.6153538,43065031.16258001
USA,2030,Black or African American,0.12341938689033345,ET_GDELT,forecast,357819682.006239,44161885.770504095
USA,2035,Black or African American,0.12043131235285079,ET_GDELT,forecast,371356970.96709573,44723007.36494685
USA,2025,Native Hawaiian and other Pacific Islander,0.008073705061110919,ET_BASE,forecast,344775875.6153538,2783618.731904631
USA,2030,Native Hawaiian and other Pacific Islander,0.04572240787301131,ET_BASE,forecast,357819682.006239,16360377.445680466
USA,2035,Native Hawaiian and other Pacific Islander,0.07787592508888191,ET_BASE,forecast,371356970.96709573,28919767.652267642
USA,2025,Native Hawaiian and other Pacific Islander,0.0022307288889784407,ET_GDELT,forecast,344775875.6153538,769101.5059580074
USA,2030,Native Hawaiian and other Pacific Islander,0.0024376993463558613,ET_GDELT,forecast,357819682.006239,872256.804939871
USA,2035,Native Hawaiian and other Pacific Islander,0.0028564690031574985,ET_GDELT,forecast,371356970.96709573,1060769.676673968
USA,2025,Some other race,0.08812765793042865,ET_BASE,forecast,344775875.6153538,30384290.428893916
USA,2030,Some other race,0.09100031194118063,ET_BASE,forecast,357819682.006239,32561702.681261808
USA,2035,Some other race,0.09416569563538649,ET_BASE,forecast,371356970.96709573,34969087.500166595
USA,2025,Some other race,0.08782852691535803,ET_GDELT,forecast,344775875.6153538,30281157.27124924
USA,2030,Some other race,0.08994696117282724,ET_GDELT,forecast,357819682.006239,32184793.044288572
USA,2035,Some other race,0.0944551902700999,ET_GDELT,forecast,371356970.96709573,35076593.35082499
USA,2025,Two or more races,0.10571992651062108,ET_BASE,forecast,344775875.6153538,36449680.23269024
USA,2030,Two or more races,0.10143707183391651,ET_BASE,forecast,357819682.006239,36296180.787256025
USA,2035,Two or more races,0.10140807564612664,ET_BASE,forecast,371356970.96709573,37658595.803547695
USA,2025,Two or more races,0.10661499013129405,ET_GDELT,forecast,344775875.6153538,36758276.57623922
USA,2030,Two or more races,0.10906580391477631,ET_GDELT,forecast,357819682.006239,39025891.274540074
USA,2035,Two or more races,0.11284695646011152,ET_GDELT,forecast,371356970.96709573,41906503.93388275
USA,2025,White,0.5917163075701772,ET_BASE,forecast,344775875.6153538,204009508.05839187
USA,2030,White,0.5190949688366691,ET_BASE,forecast,357819682.006239,185742396.68017545
USA,2035,White,0.4473120756002011,ET_BASE,forecast,371356970.96709573,166112457.47189522
USA,2025,White,0.601901062933884,ET_GDELT,forecast,344775875.6153538,207520966.00684208
USA,2030,White,0.5928037266111517,ET_GDELT,forecast,357819682.006239,212116840.94811574
USA,2035,White,0.5758462779745812,ET_GDELT,forecast,371356970.96709573,213844529.5313167
