iso3_orig,iso3_dest,MAE,RMSE,n,model_name
AFG,IDN,1136.5887988428312,1136.5887988428312,1.0,RF_OD
AFG,MYS,1576.829398284136,1576.829398284136,1.0,RF_OD
AFG,USA,33894.009331074136,33894.009331074136,1.0,RF_OD
ARG,USA,793.5616683879343,793.5616683879343,1.0,RF_OD
AUS,IDN,808.2282887115289,808.2282887115289,1.0,RF_OD
AUS,MYS,218.42993015944558,218.42993015944558,1.0,RF_OD
BGD,MYS,20906.435644753277,20906.435644753277,1.0,RF_OD
BGD,USA,44498.30744958267,44498.30744958267,1.0,RF_OD
BRA,USA,28683.713668486802,28683.713668486802,1.0,RF_OD
BRN,MYS,2738.3240050721397,2738.3240050721397,1.0,RF_OD
CAN,USA,5864.513915240648,5864.513915240648,1.0,RF_OD
CHN,IDN,12871.206416391156,12871.206416391156,1.0,RF_OD
CHN,MYS,831.3774280491889,831.3774280491889,1.0,RF_OD
CHN,USA,263562.2303878083,263562.2303878083,1.0,RF_OD
COL,USA,88728.61448107113,88728.61448107113,1.0,RF_OD
CUB,USA,18298.03758219001,18298.03758219001,1.0,RF_OD
DEU,USA,23401.396580178756,23401.396580178756,1.0,RF_OD
DOM,USA,89272.71331865084,89272.71331865084,1.0,RF_OD
ECU,USA,53310.804587777064,53310.804587777064,1.0,RF_OD
EGY,USA,4571.455467880238,4571.455467880238,1.0,RF_OD
ERI,IDN,118.27923671986082,118.27923671986082,1.0,RF_OD
ESP,USA,7262.66486449918,7262.66486449918,1.0,RF_OD
ETH,IDN,145.18308229027357,145.18308229027357,1.0,RF_OD
ETH,USA,44649.410807907756,44649.410807907756,1.0,RF_OD
FRA,USA,6730.1575361320865,6730.1575361320865,1.0,RF_OD
GBR,IDN,162.14402706892224,162.14402706892224,1.0,RF_OD
GBR,MYS,1.021976739616548,1.021976739616548,1.0,RF_OD
GBR,USA,11938.101077901549,11938.101077901549,1.0,RF_OD
GHA,USA,3342.109262638958,3342.109262638958,1.0,RF_OD
GRC,USA,320.74333530428703,320.74333530428703,1.0,RF_OD
GTM,USA,40501.90514398576,40501.90514398576,1.0,RF_OD
GUY,USA,16593.07819806831,16593.07819806831,1.0,RF_OD
HKG,USA,968.5999925992801,968.5999925992801,1.0,RF_OD
HND,USA,110347.03733762226,110347.03733762226,1.0,RF_OD
HTI,USA,28832.862523235613,28832.862523235613,1.0,RF_OD
IDN,ARE,14372.836365496973,14372.836365496973,1.0,RF_OD
IDN,AUS,67.25846630887827,67.25846630887827,1.0,RF_OD
IDN,BEL,262.39260685521276,262.39260685521276,1.0,RF_OD
IDN,BGD,40917.023551133054,40917.023551133054,1.0,RF_OD
IDN,BGR,24.90271607534347,24.90271607534347,1.0,RF_OD
IDN,BHR,1584.4879506856196,1584.4879506856196,1.0,RF_OD
IDN,BHS,4.171313569297574,4.171313569297574,1.0,RF_OD
IDN,BOL,1.333314517530873,1.333314517530873,1.0,RF_OD
IDN,BRA,84.74953370660546,84.74953370660546,1.0,RF_OD
IDN,BRN,370.47856972558566,370.47856972558566,1.0,RF_OD
IDN,CAN,1202.260355359329,1202.260355359329,1.0,RF_OD
IDN,CHN,8888.061774170375,8888.061774170375,1.0,RF_OD
IDN,CRI,3.4681554836592703,3.4681554836592703,1.0,RF_OD
IDN,CUW,59.239000497483005,59.239000497483005,1.0,RF_OD
IDN,CYP,18.141258859541267,18.141258859541267,1.0,RF_OD
IDN,DNK,170.03023641103846,170.03023641103846,1.0,RF_OD
IDN,DZA,198.78488207756664,198.78488207756664,1.0,RF_OD
IDN,EGY,8466.277985322306,8466.277985322306,1.0,RF_OD
IDN,EST,4.4364526817736305,4.4364526817736305,1.0,RF_OD
IDN,FIN,101.55323433321144,101.55323433321144,1.0,RF_OD
IDN,FRO,2.57840843846461,2.57840843846461,1.0,RF_OD
IDN,GRC,42.23404761337201,42.23404761337201,1.0,RF_OD
IDN,GTM,5.183564690919361,5.183564690919361,1.0,RF_OD
IDN,HKG,11319.790966747241,11319.790966747241,1.0,RF_OD
IDN,HRV,2.123717573608282,2.123717573608282,1.0,RF_OD
IDN,HUN,90.60866974752287,90.60866974752287,1.0,RF_OD
IDN,IND,69.68571646753469,69.68571646753469,1.0,RF_OD
IDN,ISL,40.8221328063014,40.8221328063014,1.0,RF_OD
IDN,ITA,116.52092567441923,116.52092567441923,1.0,RF_OD
IDN,JPN,44930.390450667895,44930.390450667895,1.0,RF_OD
IDN,KHM,26.6560616756491,26.6560616756491,1.0,RF_OD
IDN,KOR,1396.1765586244874,1396.1765586244874,1.0,RF_OD
IDN,KWT,3452.8717581126402,3452.8717581126402,1.0,RF_OD
IDN,LBY,331.177122103938,331.177122103938,1.0,RF_OD
IDN,LIE,1.5886519993348625,1.5886519993348625,1.0,RF_OD
IDN,LKA,48.30726618637311,48.30726618637311,1.0,RF_OD
IDN,LTU,1.201791122770448,1.201791122770448,1.0,RF_OD
IDN,LUX,20.521974788437376,20.521974788437376,1.0,RF_OD
IDN,LVA,0.05789839515959905,0.05789839515959905,1.0,RF_OD
IDN,MEX,30.122998242179733,30.122998242179733,1.0,RF_OD
IDN,MLT,45.17863270167801,45.17863270167801,1.0,RF_OD
IDN,MYS,271243.5324336472,271243.5324336472,1.0,RF_OD
IDN,NAM,10.506935139889322,10.506935139889322,1.0,RF_OD
IDN,NCL,95.32545630744812,95.32545630744812,1.0,RF_OD
IDN,NLD,10774.328959282604,10774.328959282604,1.0,RF_OD
IDN,NOR,223.97730641197768,223.97730641197768,1.0,RF_OD
IDN,NZL,671.3546772727095,671.3546772727095,1.0,RF_OD
IDN,PAK,54.37593645343213,54.37593645343213,1.0,RF_OD
IDN,PAN,49.85401277515393,49.85401277515393,1.0,RF_OD
IDN,PNG,180.87133754523165,180.87133754523165,1.0,RF_OD
IDN,PRK,182.30430795541065,182.30430795541065,1.0,RF_OD
IDN,PRT,45.465483886942934,45.465483886942934,1.0,RF_OD
IDN,QAT,5388.728588213817,5388.728588213817,1.0,RF_OD
IDN,SAU,2181.305766654841,2181.305766654841,1.0,RF_OD
IDN,SGP,7601.289286491403,7601.289286491403,1.0,RF_OD
IDN,SLB,7.33386701648503,7.33386701648503,1.0,RF_OD
IDN,SVK,7.961715697777507,7.961715697777507,1.0,RF_OD
IDN,SVN,11.988375898821943,11.988375898821943,1.0,RF_OD
IDN,SXM,7.253882062072613,7.253882062072613,1.0,RF_OD
IDN,SYC,14.208814758628762,14.208814758628762,1.0,RF_OD
IDN,TLS,9.835255160062388,9.835255160062388,1.0,RF_OD
IDN,TUR,6132.693416967992,6132.693416967992,1.0,RF_OD
IDN,VEN,5.983580170372434,5.983580170372434,1.0,RF_OD
IND,IDN,3879.959674503607,3879.959674503607,1.0,RF_OD
IND,MYS,2224.354402589117,2224.354402589117,1.0,RF_OD
IND,USA,524488.5880121817,524488.5880121817,1.0,RF_OD
IRL,USA,2288.9417086927133,2288.9417086927133,1.0,RF_OD
IRN,IDN,145.29504870439368,145.29504870439368,1.0,RF_OD
IRN,MYS,183.81349615075135,183.81349615075135,1.0,RF_OD
IRN,USA,14738.51489644323,14738.51489644323,1.0,RF_OD
IRQ,IDN,153.53035397718747,153.53035397718747,1.0,RF_OD
IRQ,MYS,1261.030455800263,1261.030455800263,1.0,RF_OD
IRQ,USA,13372.60220822721,13372.60220822721,1.0,RF_OD
ISR,USA,5967.412122275156,5967.412122275156,1.0,RF_OD
ITA,USA,21027.223658337083,21027.223658337083,1.0,RF_OD
JAM,USA,13259.87762542977,13259.87762542977,1.0,RF_OD
JPN,IDN,2731.254486455575,2731.254486455575,1.0,RF_OD
JPN,MYS,7.574977121073971,7.574977121073971,1.0,RF_OD
JPN,USA,9715.457571347943,9715.457571347943,1.0,RF_OD
KEN,USA,21889.668757735664,21889.668757735664,1.0,RF_OD
KHM,IDN,0.0,0.0,1.0,RF_OD
KHM,USA,8061.619749672653,8061.619749672653,1.0,RF_OD
KOR,IDN,2226.6055158867657,2226.6055158867657,1.0,RF_OD
KOR,MYS,2.152382936299091,2.152382936299091,1.0,RF_OD
KOR,USA,13652.185026094085,13652.185026094085,1.0,RF_OD
LAO,USA,4673.27431422341,4673.27431422341,1.0,RF_OD
LBN,USA,5867.656698762148,5867.656698762148,1.0,RF_OD
LKA,IDN,206.7868560885671,206.7868560885671,1.0,RF_OD
LKA,MYS,886.726686853297,886.726686853297,1.0,RF_OD
MEX,USA,810496.2866347209,810496.2866347209,1.0,RF_OD
MMR,IDN,1261.226802960226,1261.226802960226,1.0,RF_OD
MMR,MYS,34070.656024870754,34070.656024870754,1.0,RF_OD
MMR,USA,9025.046440350416,9025.046440350416,1.0,RF_OD
MYS,AUS,122080.32625315333,122080.32625315333,1.0,RF_OD
MYS,BGD,64524.92131387693,64524.92131387693,1.0,RF_OD
MYS,BGR,0.30123517854455173,0.30123517854455173,1.0,RF_OD
MYS,BMU,2.210944465671794,2.210944465671794,1.0,RF_OD
MYS,BOL,0.34850825787385453,0.34850825787385453,1.0,RF_OD
MYS,BRN,2086.008273471096,2086.008273471096,1.0,RF_OD
MYS,CAN,2956.8900824781704,2956.8900824781704,1.0,RF_OD
MYS,CHL,16.732855207808996,16.732855207808996,1.0,RF_OD
MYS,CHN,1568.9400096851641,1568.9400096851641,1.0,RF_OD
MYS,CRI,0.7885974695003872,0.7885974695003872,1.0,RF_OD
MYS,CYM,2.122625365377928,2.122625365377928,1.0,RF_OD
MYS,CYP,0.6448265519636323,0.6448265519636323,1.0,RF_OD
MYS,DNK,66.09537859110947,66.09537859110947,1.0,RF_OD
MYS,DOM,0.008631014621929722,0.008631014621929722,1.0,RF_OD
MYS,DZA,113.48639843997478,113.48639843997478,1.0,RF_OD
MYS,EGY,9169.648699507386,9169.648699507386,1.0,RF_OD
MYS,EST,0.8602404321505226,0.8602404321505226,1.0,RF_OD
MYS,FIN,49.17777403456,49.17777403456,1.0,RF_OD
MYS,GBR,3796.714310443698,3796.714310443698,1.0,RF_OD
MYS,GIN,0.004341567291924353,0.004341567291924353,1.0,RF_OD
MYS,GRC,2.7271262103340703,2.7271262103340703,1.0,RF_OD
MYS,HKG,647.6504378494574,647.6504378494574,1.0,RF_OD
MYS,HUN,26.297423845822408,26.297423845822408,1.0,RF_OD
MYS,IDN,13004.44882118667,13004.44882118667,1.0,RF_OD
MYS,IND,1592.5598697824807,1592.5598697824807,1.0,RF_OD
MYS,ISL,20.417893100424735,20.417893100424735,1.0,RF_OD
MYS,ITA,63.702814097895725,63.702814097895725,1.0,RF_OD
MYS,JPN,4561.04426182365,4561.04426182365,1.0,RF_OD
MYS,KHM,16.34361706085133,16.34361706085133,1.0,RF_OD
MYS,LBY,563.2809068211282,563.2809068211282,1.0,RF_OD
MYS,LCA,0.747139442087752,0.747139442087752,1.0,RF_OD
MYS,LIE,0.004341567291924353,0.004341567291924353,1.0,RF_OD
MYS,LKA,111.30655254308635,111.30655254308635,1.0,RF_OD
MYS,LTU,1.1647233882056547,1.1647233882056547,1.0,RF_OD
MYS,LUX,1.391373699835242,1.391373699835242,1.0,RF_OD
MYS,LVA,0.6769878885969538,0.6769878885969538,1.0,RF_OD
MYS,MDV,5.648676178559882,5.648676178559882,1.0,RF_OD
MYS,MLT,4.372727366410487,4.372727366410487,1.0,RF_OD
MYS,MUS,0.27792156719614525,0.27792156719614525,1.0,RF_OD
MYS,NOR,78.66456767953014,78.66456767953014,1.0,RF_OD
MYS,NZL,1544.1976339906942,1544.1976339906942,1.0,RF_OD
MYS,PAN,10.678229219023116,10.678229219023116,1.0,RF_OD
MYS,PNG,2.990683703074694,2.990683703074694,1.0,RF_OD
MYS,PRK,17.992298392051936,17.992298392051936,1.0,RF_OD
MYS,PRT,2.433481190534849,2.433481190534849,1.0,RF_OD
MYS,SGP,44885.055758911185,44885.055758911185,1.0,RF_OD
MYS,SLB,13.522115803168234,13.522115803168234,1.0,RF_OD
MYS,SVK,0.3500402216897527,0.3500402216897527,1.0,RF_OD
MYS,SVN,0.4775531592668276,0.4775531592668276,1.0,RF_OD
MYS,TLS,0.5800577727883578,0.5800577727883578,1.0,RF_OD
MYS,VEN,4.669714594280279,4.669714594280279,1.0,RF_OD
NGA,USA,54590.37310208037,54590.37310208037,1.0,RF_OD
NIC,USA,11294.416542418592,11294.416542418592,1.0,RF_OD
NPL,MYS,157924.2461239972,157924.2461239972,1.0,RF_OD
NPL,USA,35197.12083945135,35197.12083945135,1.0,RF_OD
NZL,MYS,43.82880065171821,43.82880065171821,1.0,RF_OD
PAK,IDN,94.20734210277908,94.20734210277908,1.0,RF_OD
PAK,MYS,22947.186572522594,22947.186572522594,1.0,RF_OD
PAK,USA,9176.567778640077,9176.567778640077,1.0,RF_OD
PAN,USA,4424.610836626001,4424.610836626001,1.0,RF_OD
PER,USA,20007.44059514813,20007.44059514813,1.0,RF_OD
PHL,IDN,7.361805251932083,7.361805251932083,1.0,RF_OD
PHL,MYS,23757.229772042483,23757.229772042483,1.0,RF_OD
PHL,USA,41214.81461069733,41214.81461069733,1.0,RF_OD
POL,USA,1358.31408276828,1358.31408276828,1.0,RF_OD
PRI,USA,295914.807395912,295914.807395912,1.0,RF_OD
PRT,USA,1505.6183072668791,1505.6183072668791,1.0,RF_OD
PSE,IDN,212.9134202317162,212.9134202317162,1.0,RF_OD
PSE,MYS,424.94679791728515,424.94679791728515,1.0,RF_OD
ROU,USA,5407.231313699653,5407.231313699653,1.0,RF_OD
RUS,USA,19738.87919524085,19738.87919524085,1.0,RF_OD
SAU,IDN,2092.4114505562666,2092.4114505562666,1.0,RF_OD
SDN,IDN,47.59506012906144,47.59506012906144,1.0,RF_OD
SDN,MYS,5.480693857516883,5.480693857516883,1.0,RF_OD
SGP,IDN,27.264893320709007,27.264893320709007,1.0,RF_OD
SGP,MYS,13973.740907081621,13973.740907081621,1.0,RF_OD
SLV,USA,195159.75461787498,195159.75461787498,1.0,RF_OD
SOM,IDN,1076.773133679587,1076.773133679587,1.0,RF_OD
SOM,MYS,1900.8698599874374,1900.8698599874374,1.0,RF_OD
SYR,MYS,1938.938663290725,1938.938663290725,1.0,RF_OD
THA,IDN,1631.7073872412184,1631.7073872412184,1.0,RF_OD
THA,MYS,6523.914380504531,6523.914380504531,1.0,RF_OD
THA,USA,809.7329248696333,809.7329248696333,1.0,RF_OD
TLS,IDN,19262.511454841806,19262.511454841806,1.0,RF_OD
TTO,USA,1321.780946960469,1321.780946960469,1.0,RF_OD
TUR,USA,11937.370432096039,11937.370432096039,1.0,RF_OD
UKR,USA,24313.869508728967,24313.869508728967,1.0,RF_OD
USA,ABW,51.52034892240749,51.52034892240749,1.0,RF_OD
USA,AIA,24.770706359577503,24.770706359577503,1.0,RF_OD
USA,ALB,4.126304600801632,4.126304600801632,1.0,RF_OD
USA,AND,5.296967088546026,5.296967088546026,1.0,RF_OD
USA,ARE,931.3987458343472,931.3987458343472,1.0,RF_OD
USA,ARG,94.95835009810071,94.95835009810071,1.0,RF_OD
USA,ASM,60.63624405105202,60.63624405105202,1.0,RF_OD
USA,ATG,53.06936602254473,53.06936602254473,1.0,RF_OD
USA,AUS,18966.016546519473,18966.016546519473,1.0,RF_OD
USA,AUT,244.87528664404454,244.87528664404454,1.0,RF_OD
USA,BEL,259.6303412289526,259.6303412289526,1.0,RF_OD
USA,BGD,5293.543830144714,5293.543830144714,1.0,RF_OD
USA,BGR,700.1239706195097,700.1239706195097,1.0,RF_OD
USA,BHR,7.234552114542339,7.234552114542339,1.0,RF_OD
USA,BHS,232.05560347971732,232.05560347971732,1.0,RF_OD
USA,BLR,0.2561684822599375,0.2561684822599375,1.0,RF_OD
USA,BLZ,276.26559469088716,276.26559469088716,1.0,RF_OD
USA,BMU,58.67148474174746,58.67148474174746,1.0,RF_OD
USA,BOL,307.80911430481046,307.80911430481046,1.0,RF_OD
USA,BRA,876.7805724120517,876.7805724120517,1.0,RF_OD
USA,BRB,22.897715279784506,22.897715279784506,1.0,RF_OD
USA,BRN,0.314087939216563,0.314087939216563,1.0,RF_OD
USA,BTN,1.539178101553432,1.539178101553432,1.0,RF_OD
USA,BWA,26.685140270903617,26.685140270903617,1.0,RF_OD
USA,CAN,24036.84412817497,24036.84412817497,1.0,RF_OD
USA,CHE,1835.8935700795118,1835.8935700795118,1.0,RF_OD
USA,CHL,1378.5782019739581,1378.5782019739581,1.0,RF_OD
USA,CHN,1219.7733184471144,1219.7733184471144,1.0,RF_OD
USA,CMR,63.81017512053279,63.81017512053279,1.0,RF_OD
USA,COG,0.01735037282892904,0.01735037282892904,1.0,RF_OD
USA,COK,1.3473592346858254,1.3473592346858254,1.0,RF_OD
USA,COL,718.8418732047539,718.8418732047539,1.0,RF_OD
USA,CPV,12.094124669873338,12.094124669873338,1.0,RF_OD
USA,CRI,1580.0006714221272,1580.0006714221272,1.0,RF_OD
USA,CUB,1.6964778620358345,1.6964778620358345,1.0,RF_OD
USA,CUW,29.512769456569686,29.512769456569686,1.0,RF_OD
USA,CYM,103.02942382148194,103.02942382148194,1.0,RF_OD
USA,CYP,29.28399274638832,29.28399274638832,1.0,RF_OD
USA,CZE,355.4125885026706,355.4125885026706,1.0,RF_OD
USA,DEU,3006.040685541957,3006.040685541957,1.0,RF_OD
USA,DMA,19.20112768602769,19.20112768602769,1.0,RF_OD
USA,DNK,714.3446266196479,714.3446266196479,1.0,RF_OD
USA,DOM,41.42739520239775,41.42739520239775,1.0,RF_OD
USA,DZA,12.004700881004283,12.004700881004283,1.0,RF_OD
USA,ECU,1180.041470953107,1180.041470953107,1.0,RF_OD
USA,EGY,8539.65180012819,8539.65180012819,1.0,RF_OD
USA,ESP,5974.621613978299,5974.621613978299,1.0,RF_OD
USA,EST,11.626932338103416,11.626932338103416,1.0,RF_OD
USA,FIN,325.23613974755335,325.23613974755335,1.0,RF_OD
USA,FLK,1.2788566138497153,1.2788566138497153,1.0,RF_OD
USA,FRA,523.1557483728466,523.1557483728466,1.0,RF_OD
USA,FRO,5.424525326133569,5.424525326133569,1.0,RF_OD
USA,GAB,16.834565731902217,16.834565731902217,1.0,RF_OD
USA,GBR,5182.02962048864,5182.02962048864,1.0,RF_OD
USA,GEO,4.822527426173352,4.822527426173352,1.0,RF_OD
USA,GHA,42.81078898253577,42.81078898253577,1.0,RF_OD
USA,GIN,13.01934684849897,13.01934684849897,1.0,RF_OD
USA,GLP,5.177756209612596,5.177756209612596,1.0,RF_OD
USA,GNB,4.801152433063152,4.801152433063152,1.0,RF_OD
USA,GRC,593.6911960806465,593.6911960806465,1.0,RF_OD
USA,GRL,0.9488199265029564,0.9488199265029564,1.0,RF_OD
USA,GTM,234.8046049987188,234.8046049987188,1.0,RF_OD
USA,GUM,478.51083421513977,478.51083421513977,1.0,RF_OD
USA,GUY,187.0820391161094,187.0820391161094,1.0,RF_OD
USA,HKG,198.3548927768752,198.3548927768752,1.0,RF_OD
USA,HND,330.9998750631321,330.9998750631321,1.0,RF_OD
USA,HRV,3.548216526935903,3.548216526935903,1.0,RF_OD
USA,HTI,54.46553822447322,54.46553822447322,1.0,RF_OD
USA,HUN,344.7599566366225,344.7599566366225,1.0,RF_OD
USA,IDN,265.0491848738809,265.0491848738809,1.0,RF_OD
USA,IMN,1.795102700738056,1.795102700738056,1.0,RF_OD
USA,IND,767.6810423508578,767.6810423508578,1.0,RF_OD
USA,IRL,2065.8685796484933,2065.8685796484933,1.0,RF_OD
USA,ISL,400.41072812786024,400.41072812786024,1.0,RF_OD
USA,ISR,16702.816964021302,16702.816964021302,1.0,RF_OD
USA,ITA,1126.0535531293208,1126.0535531293208,1.0,RF_OD
USA,JAM,52.280968441314144,52.280968441314144,1.0,RF_OD
USA,JPN,47188.30967207189,47188.30967207189,1.0,RF_OD
USA,KAZ,23.96385082721781,23.96385082721781,1.0,RF_OD
USA,KHM,15.00833670397472,15.00833670397472,1.0,RF_OD
USA,KIR,1.7762437001686209,1.7762437001686209,1.0,RF_OD
USA,KOR,11492.635071209923,11492.635071209923,1.0,RF_OD
USA,KWT,329.311713241942,329.311713241942,1.0,RF_OD
USA,LBR,4.331239249051293,4.331239249051293,1.0,RF_OD
USA,LBY,114.6208740258935,114.6208740258935,1.0,RF_OD
USA,LCA,53.285753991685624,53.285753991685624,1.0,RF_OD
USA,LIE,2.2870753280189717,2.2870753280189717,1.0,RF_OD
USA,LKA,7.798664012384847,7.798664012384847,1.0,RF_OD
USA,LSO,9.034819435037804,9.034819435037804,1.0,RF_OD
USA,LTU,14.531213798663543,14.531213798663543,1.0,RF_OD
USA,LUX,531.5328836089197,531.5328836089197,1.0,RF_OD
USA,LVA,23.276847284761686,23.276847284761686,1.0,RF_OD
USA,MAR,4.44436676755322,4.44436676755322,1.0,RF_OD
USA,MDA,0.055210201946181314,0.055210201946181314,1.0,RF_OD
USA,MDV,1.1849470324797906,1.1849470324797906,1.0,RF_OD
USA,MEX,195214.11815380573,195214.11815380573,1.0,RF_OD
USA,MHL,13.449837152010332,13.449837152010332,1.0,RF_OD
USA,MLI,118.81301986261337,118.81301986261337,1.0,RF_OD
USA,MLT,96.52878226199027,96.52878226199027,1.0,RF_OD
USA,MNE,0.23862809092025827,0.23862809092025827,1.0,RF_OD
USA,MNG,26.379405457707094,26.379405457707094,1.0,RF_OD
USA,MRT,4.221155893119089,4.221155893119089,1.0,RF_OD
USA,MSR,0.9589166930368549,0.9589166930368549,1.0,RF_OD
USA,MUS,0.07214637207196972,0.07214637207196972,1.0,RF_OD
USA,NAM,25.46760807103692,25.46760807103692,1.0,RF_OD
USA,NIC,235.5723273553226,235.5723273553226,1.0,RF_OD
USA,NIU,0.42664769622655463,0.42664769622655463,1.0,RF_OD
USA,NLD,3240.6084316912747,3240.6084316912747,1.0,RF_OD
USA,NOR,477.912069201775,477.912069201775,1.0,RF_OD
USA,NZL,33.56892669817171,33.56892669817171,1.0,RF_OD
USA,PAN,2314.7543452509417,2314.7543452509417,1.0,RF_OD
USA,PER,396.4180285732782,396.4180285732782,1.0,RF_OD
USA,PHL,76.21810641286538,76.21810641286538,1.0,RF_OD
USA,PLW,12.950430324068805,12.950430324068805,1.0,RF_OD
USA,PNG,1.47215046998474,1.47215046998474,1.0,RF_OD
USA,POL,960.2934613886682,960.2934613886682,1.0,RF_OD
USA,PRI,10165.94502578015,10165.94502578015,1.0,RF_OD
USA,PRK,4.775227917718212,4.775227917718212,1.0,RF_OD
USA,PRT,601.2550849969466,601.2550849969466,1.0,RF_OD
USA,PRY,81.63466239813579,81.63466239813579,1.0,RF_OD
USA,PSE,415.34362105773744,415.34362105773744,1.0,RF_OD
USA,QAT,172.9841489450564,172.9841489450564,1.0,RF_OD
USA,ROU,634.1175115224833,634.1175115224833,1.0,RF_OD
USA,RUS,297.9230979949889,297.9230979949889,1.0,RF_OD
USA,SEN,33.356885498412225,33.356885498412225,1.0,RF_OD
USA,SGP,464.5837904814689,464.5837904814689,1.0,RF_OD
USA,SLB,0.577364388937113,0.577364388937113,1.0,RF_OD
USA,SLE,2.0827605417277653,2.0827605417277653,1.0,RF_OD
USA,SLV,356.66520205658617,356.66520205658617,1.0,RF_OD
USA,SRB,68.6196056764752,68.6196056764752,1.0,RF_OD
USA,SVK,20.088754287997745,20.088754287997745,1.0,RF_OD
USA,SVN,33.82672738599524,33.82672738599524,1.0,RF_OD
USA,SWE,601.961553443758,601.961553443758,1.0,RF_OD
USA,SWZ,7.352568585052921,7.352568585052921,1.0,RF_OD
USA,SXM,14.712825496160349,14.712825496160349,1.0,RF_OD
USA,TGO,2.371037254564186,2.371037254564186,1.0,RF_OD
USA,THA,1176.193685772043,1176.193685772043,1.0,RF_OD
USA,TJK,11.958144835539485,11.958144835539485,1.0,RF_OD
USA,TLS,0.4493118131753562,0.4493118131753562,1.0,RF_OD
USA,TTO,1397.8217810323076,1397.8217810323076,1.0,RF_OD
USA,TUN,26.204611271309204,26.204611271309204,1.0,RF_OD
USA,TUR,1049.7807004438546,1049.7807004438546,1.0,RF_OD
USA,TUV,0.019472581783062548,0.019472581783062548,1.0,RF_OD
USA,TZA,61.114673943417074,61.114673943417074,1.0,RF_OD
USA,UGA,18.517543300989246,18.517543300989246,1.0,RF_OD
USA,UKR,53.69854630062355,53.69854630062355,1.0,RF_OD
USA,URY,42.42037716306913,42.42037716306913,1.0,RF_OD
USA,VEN,282.03269021030064,282.03269021030064,1.0,RF_OD
USA,VGB,16.402956865279066,16.402956865279066,1.0,RF_OD
USA,WSM,9.116601557356773,9.116601557356773,1.0,RF_OD
USA,ZMB,108.35739038378688,108.35739038378688,1.0,RF_OD
VEN,USA,60597.255420881906,60597.255420881906,1.0,RF_OD
VNM,IDN,4.502859686338111,4.502859686338111,1.0,RF_OD
VNM,MYS,0.8249463796326317,0.8249463796326317,1.0,RF_OD
VNM,USA,85660.18826739513,85660.18826739513,1.0,RF_OD
YEM,IDN,25.410555218085392,25.410555218085392,1.0,RF_OD
YEM,MYS,3400.3180343207823,3400.3180343207823,1.0,RF_OD
AFG,IDN,2738.9794921874955,2738.9794921874955,1.0,XGB_OD
AFG,MYS,375.2106933593759,375.2106933593759,1.0,XGB_OD
AFG,USA,23289.718750000116,23289.718750000116,1.0,XGB_OD
ARG,USA,2633.1093750001164,2633.1093750001164,1.0,XGB_OD
AUS,IDN,217.071533203125,217.071533203125,1.0,XGB_OD
AUS,MYS,312.87109375000455,312.87109375000455,1.0,XGB_OD
BGD,MYS,26727.812499999884,26727.812499999884,1.0,XGB_OD
BGD,USA,22320.28124999971,22320.28124999971,1.0,XGB_OD
BRA,USA,77467.06249999953,77467.06249999953,1.0,XGB_OD
BRN,MYS,592.3544921874964,592.3544921874964,1.0,XGB_OD
CAN,USA,16316.062499999534,16316.062499999534,1.0,XGB_OD
CHN,IDN,19418.98046875006,19418.98046875006,1.0,XGB_OD
CHN,MYS,642.6816406249782,642.6816406249782,1.0,XGB_OD
CHN,USA,184453.4999999986,184453.4999999986,1.0,XGB_OD
COL,USA,50920.81250000035,50920.81250000035,1.0,XGB_OD
CUB,USA,110784.12500000116,110784.12500000116,1.0,XGB_OD
DEU,USA,14519.624999999534,14519.624999999534,1.0,XGB_OD
DOM,USA,142868.24999999977,142868.24999999977,1.0,XGB_OD
ECU,USA,64024.968750000466,64024.968750000466,1.0,XGB_OD
EGY,USA,9254.656249999884,9254.656249999884,1.0,XGB_OD
ERI,IDN,30.239379882812557,30.239379882812557,1.0,XGB_OD
ESP,USA,5868.749999999884,5868.749999999884,1.0,XGB_OD
ETH,IDN,113.7684020996094,113.7684020996094,1.0,XGB_OD
ETH,USA,47543.84374999977,47543.84374999977,1.0,XGB_OD
FRA,USA,21138.46875,21138.46875,1.0,XGB_OD
GBR,IDN,195.85302734375,195.85302734375,1.0,XGB_OD
GBR,MYS,36.57275390625091,36.57275390625091,1.0,XGB_OD
GBR,USA,18418.749999999534,18418.749999999534,1.0,XGB_OD
GHA,USA,11635.578124999825,11635.578124999825,1.0,XGB_OD
GRC,USA,1975.7109375000873,1975.7109375000873,1.0,XGB_OD
GTM,USA,60907.25000000023,60907.25000000023,1.0,XGB_OD
GUY,USA,10912.812500000175,10912.812500000175,1.0,XGB_OD
HKG,USA,12826.968750000116,12826.968750000116,1.0,XGB_OD
HND,USA,351.99999999965075,351.99999999965075,1.0,XGB_OD
HTI,USA,58751.000000000466,58751.000000000466,1.0,XGB_OD
IDN,ARE,10657.218750000175,10657.218750000175,1.0,XGB_OD
IDN,AUS,27513.953124999913,27513.953124999913,1.0,XGB_OD
IDN,BEL,390.21240234374727,390.21240234374727,1.0,XGB_OD
IDN,BGD,26469.656250000116,26469.656250000116,1.0,XGB_OD
IDN,BGR,11.913269042968778,11.913269042968778,1.0,XGB_OD
IDN,BHR,3000.558593749982,3000.558593749982,1.0,XGB_OD
IDN,BHS,2.5403289794921875,2.5403289794921875,1.0,XGB_OD
IDN,BOL,0.4145231246948242,0.4145231246948242,1.0,XGB_OD
IDN,BRA,54.2581787109375,54.2581787109375,1.0,XGB_OD
IDN,BRN,554.4238281249982,554.4238281249982,1.0,XGB_OD
IDN,CAN,1755.5087890624964,1755.5087890624964,1.0,XGB_OD
IDN,CHN,11626.906250000116,11626.906250000116,1.0,XGB_OD
IDN,CRI,1.4916477203369176,1.4916477203369176,1.0,XGB_OD
IDN,CUW,32.338500976562386,32.338500976562386,1.0,XGB_OD
IDN,CYP,10.521392822265625,10.521392822265625,1.0,XGB_OD
IDN,DNK,103.19628906249955,103.19628906249955,1.0,XGB_OD
IDN,DZA,125.63793945312455,125.63793945312455,1.0,XGB_OD
IDN,EGY,5969.455078124998,5969.455078124998,1.0,XGB_OD
IDN,EST,1.38580322265625,1.38580322265625,1.0,XGB_OD
IDN,FIN,50.851379394531364,50.851379394531364,1.0,XGB_OD
IDN,FRO,1.5960035324096715,1.5960035324096715,1.0,XGB_OD
IDN,GRC,10.421661376953296,10.421661376953296,1.0,XGB_OD
IDN,GTM,1.8909149169921804,1.8909149169921804,1.0,XGB_OD
IDN,HKG,20505.82812500003,20505.82812500003,1.0,XGB_OD
IDN,HRV,4.896974563598633,4.896974563598633,1.0,XGB_OD
IDN,HUN,20.748657226562614,20.748657226562614,1.0,XGB_OD
IDN,IND,23.900146484375114,23.900146484375114,1.0,XGB_OD
IDN,ISL,19.819793701171847,19.819793701171847,1.0,XGB_OD
IDN,ITA,143.83154296875,143.83154296875,1.0,XGB_OD
IDN,JPN,26766.874999999854,26766.874999999854,1.0,XGB_OD
IDN,KHM,14.616844177246136,14.616844177246136,1.0,XGB_OD
IDN,KOR,1804.0624999999927,1804.0624999999927,1.0,XGB_OD
IDN,KWT,8409.773437499956,8409.773437499956,1.0,XGB_OD
IDN,LBY,328.068359375,328.068359375,1.0,XGB_OD
IDN,LIE,1.3380260467529315,1.3380260467529315,1.0,XGB_OD
IDN,LKA,29.14163208007824,29.14163208007824,1.0,XGB_OD
IDN,LTU,0.029083251953125,0.029083251953125,1.0,XGB_OD
IDN,LUX,28.45233154296872,28.45233154296872,1.0,XGB_OD
IDN,LVA,1.4589862823486328,1.4589862823486328,1.0,XGB_OD
IDN,MEX,16.4630126953125,16.4630126953125,1.0,XGB_OD
IDN,MLT,22.346839904785128,22.346839904785128,1.0,XGB_OD
IDN,MYS,66766.875,66766.875,1.0,XGB_OD
IDN,NAM,4.579582214355497,4.579582214355497,1.0,XGB_OD
IDN,NCL,51.078674316405795,51.078674316405795,1.0,XGB_OD
IDN,NLD,8228.812500000058,8228.812500000058,1.0,XGB_OD
IDN,NOR,90.88891601562455,90.88891601562455,1.0,XGB_OD
IDN,NZL,60.59765624999636,60.59765624999636,1.0,XGB_OD
IDN,PAK,60.78720092773449,60.78720092773449,1.0,XGB_OD
IDN,PAN,38.24182128906256,38.24182128906256,1.0,XGB_OD
IDN,PNG,563.5371093750036,563.5371093750036,1.0,XGB_OD
IDN,PRK,117.16418457031318,117.16418457031318,1.0,XGB_OD
IDN,PRT,23.69122314453125,23.69122314453125,1.0,XGB_OD
IDN,QAT,5085.019531249971,5085.019531249971,1.0,XGB_OD
IDN,SAU,8714.296874999884,8714.296874999884,1.0,XGB_OD
IDN,SGP,11686.515625000058,11686.515625000058,1.0,XGB_OD
IDN,SLB,8.376731872558565,8.376731872558565,1.0,XGB_OD
IDN,SVK,5.4578323364257955,5.4578323364257955,1.0,XGB_OD
IDN,SVN,5.645263671875,5.645263671875,1.0,XGB_OD
IDN,SXM,8.547740936279268,8.547740936279268,1.0,XGB_OD
IDN,SYC,7.7451629638671875,7.7451629638671875,1.0,XGB_OD
IDN,TLS,30.61767578124727,30.61767578124727,1.0,XGB_OD
IDN,TUR,5746.971679687493,5746.971679687493,1.0,XGB_OD
IDN,VEN,1.1188125610351634,1.1188125610351634,1.0,XGB_OD
IND,IDN,1761.1542968749964,1761.1542968749964,1.0,XGB_OD
IND,MYS,11710.96093749997,11710.96093749997,1.0,XGB_OD
IND,USA,447264.9999999972,447264.9999999972,1.0,XGB_OD
IRL,USA,765.2734374999709,765.2734374999709,1.0,XGB_OD
IRN,IDN,155.93853759765634,155.93853759765634,1.0,XGB_OD
IRN,MYS,58.882812500000114,58.882812500000114,1.0,XGB_OD
IRN,USA,13215.56249999965,13215.56249999965,1.0,XGB_OD
IRQ,IDN,201.25799560546864,201.25799560546864,1.0,XGB_OD
IRQ,MYS,781.6618652343748,781.6618652343748,1.0,XGB_OD
IRQ,USA,15730.640624999884,15730.640624999884,1.0,XGB_OD
ISR,USA,7043.421875000116,7043.421875000116,1.0,XGB_OD
ITA,USA,24693.87499999971,24693.87499999971,1.0,XGB_OD
JAM,USA,9027.562499999185,9027.562499999185,1.0,XGB_OD
JPN,IDN,1035.6240234374945,1035.6240234374945,1.0,XGB_OD
JPN,MYS,55.84082031250182,55.84082031250182,1.0,XGB_OD
JPN,USA,3101.1250000004657,3101.1250000004657,1.0,XGB_OD
KEN,USA,6860.515625,6860.515625,1.0,XGB_OD
KHM,IDN,0.03171461448073387,0.03171461448073387,1.0,XGB_OD
KHM,USA,7574.343750000116,7574.343750000116,1.0,XGB_OD
KOR,IDN,1348.4472656249945,1348.4472656249945,1.0,XGB_OD
KOR,MYS,23.14721679687409,23.14721679687409,1.0,XGB_OD
KOR,USA,28165.250000000466,28165.250000000466,1.0,XGB_OD
LAO,USA,6953.609375000116,6953.609375000116,1.0,XGB_OD
LBN,USA,933.7812500000291,933.7812500000291,1.0,XGB_OD
LKA,IDN,214.2991943359374,214.2991943359374,1.0,XGB_OD
LKA,MYS,606.9843750000009,606.9843750000009,1.0,XGB_OD
MEX,USA,19329.999999981374,19329.999999981374,1.0,XGB_OD
MMR,IDN,994.456176757813,994.456176757813,1.0,XGB_OD
MMR,MYS,10482.812500000058,10482.812500000058,1.0,XGB_OD
MMR,USA,5263.6250000001455,5263.6250000001455,1.0,XGB_OD
MYS,AUS,56063.93749999988,56063.93749999988,1.0,XGB_OD
MYS,BGD,39237.578125000175,39237.578125000175,1.0,XGB_OD
MYS,BGR,1.1749534606933558,1.1749534606933558,1.0,XGB_OD
MYS,BMU,1.7454605102539134,1.7454605102539134,1.0,XGB_OD
MYS,BOL,0.4792709350585955,0.4792709350585955,1.0,XGB_OD
MYS,BRN,4807.753906250015,4807.753906250015,1.0,XGB_OD
MYS,CAN,263.98437499998545,263.98437499998545,1.0,XGB_OD
MYS,CHL,50.789215087890625,50.789215087890625,1.0,XGB_OD
MYS,CHN,3181.8339843750073,3181.8339843750073,1.0,XGB_OD
MYS,CRI,0.3688936233520508,0.3688936233520508,1.0,XGB_OD
MYS,CYM,1.251937866210934,1.251937866210934,1.0,XGB_OD
MYS,CYP,1.7649993896484517,1.7649993896484517,1.0,XGB_OD
MYS,DNK,108.93847656250045,108.93847656250045,1.0,XGB_OD
MYS,DOM,0.4753036499023473,0.4753036499023473,1.0,XGB_OD
MYS,DZA,125.64569091796909,125.64569091796909,1.0,XGB_OD
MYS,EGY,7778.944335937499,7778.944335937499,1.0,XGB_OD
MYS,EST,2.474725723266605,2.474725723266605,1.0,XGB_OD
MYS,FIN,38.310852050781364,38.310852050781364,1.0,XGB_OD
MYS,GBR,956.9140625,956.9140625,1.0,XGB_OD
MYS,GIN,0.01723325438797474,0.01723325438797474,1.0,XGB_OD
MYS,GRC,1.1193161010742472,1.1193161010742472,1.0,XGB_OD
MYS,HKG,317.2207031250109,317.2207031250109,1.0,XGB_OD
MYS,HUN,21.658569335937415,21.658569335937415,1.0,XGB_OD
MYS,IDN,27320.5625,27320.5625,1.0,XGB_OD
MYS,IND,1213.879882812491,1213.879882812491,1.0,XGB_OD
MYS,ISL,5.735420227050753,5.735420227050753,1.0,XGB_OD
MYS,ITA,93.90606689453125,93.90606689453125,1.0,XGB_OD
MYS,JPN,3991.300781249998,3991.300781249998,1.0,XGB_OD
MYS,KHM,18.823898315429688,18.823898315429688,1.0,XGB_OD
MYS,LBY,1563.900390625,1563.900390625,1.0,XGB_OD
MYS,LCA,0.8344879150390607,0.8344879150390607,1.0,XGB_OD
MYS,LIE,0.01353927981108427,0.01353927981108427,1.0,XGB_OD
MYS,LKA,115.58227539062455,115.58227539062455,1.0,XGB_OD
MYS,LTU,0.45867919921875,0.45867919921875,1.0,XGB_OD
MYS,LUX,30.00860595703128,30.00860595703128,1.0,XGB_OD
MYS,LVA,0.12240028381347479,0.12240028381347479,1.0,XGB_OD
MYS,MDV,3.9720382690429403,3.9720382690429403,1.0,XGB_OD
MYS,MLT,12.325714111328125,12.325714111328125,1.0,XGB_OD
MYS,MUS,3.1451339721679616,3.1451339721679616,1.0,XGB_OD
MYS,NOR,126.6270751953125,126.6270751953125,1.0,XGB_OD
MYS,NZL,1516.7226562499818,1516.7226562499818,1.0,XGB_OD
MYS,PAN,0.5801010131835938,0.5801010131835938,1.0,XGB_OD
MYS,PNG,2.0598297119140625,2.0598297119140625,1.0,XGB_OD
MYS,PRK,26.16058349609378,26.16058349609378,1.0,XGB_OD
MYS,PRT,5.115318298339837,5.115318298339837,1.0,XGB_OD
MYS,SGP,83630.49999999953,83630.49999999953,1.0,XGB_OD
MYS,SLB,16.231399536132827,16.231399536132827,1.0,XGB_OD
MYS,SVK,0.5122966766357386,0.5122966766357386,1.0,XGB_OD
MYS,SVN,2.7654895782470685,2.7654895782470685,1.0,XGB_OD
MYS,TLS,4.593635559082038,4.593635559082038,1.0,XGB_OD
MYS,VEN,4.527599334716797,4.527599334716797,1.0,XGB_OD
NGA,USA,96595.71874999988,96595.71874999988,1.0,XGB_OD
NIC,USA,10080.96875,10080.96875,1.0,XGB_OD
NPL,MYS,86859.25000000017,86859.25000000017,1.0,XGB_OD
NPL,USA,41124.79687499988,41124.79687499988,1.0,XGB_OD
NZL,MYS,0.7766113281247726,0.7766113281247726,1.0,XGB_OD
PAK,IDN,101.43371582031239,101.43371582031239,1.0,XGB_OD
PAK,MYS,31179.31249999994,31179.31249999994,1.0,XGB_OD
PAK,USA,24382.93750000006,24382.93750000006,1.0,XGB_OD
PAN,USA,3420.9374999999127,3420.9374999999127,1.0,XGB_OD
PER,USA,29742.21874999965,29742.21874999965,1.0,XGB_OD
PHL,IDN,158.47778320312545,158.47778320312545,1.0,XGB_OD
PHL,MYS,19998.171875000175,19998.171875000175,1.0,XGB_OD
PHL,USA,100595.24999999814,100595.24999999814,1.0,XGB_OD
POL,USA,6967.624999999651,6967.624999999651,1.0,XGB_OD
PRI,USA,321206.4999999993,321206.4999999993,1.0,XGB_OD
PRT,USA,545.4062499999709,545.4062499999709,1.0,XGB_OD
PSE,IDN,119.38131713867193,119.38131713867193,1.0,XGB_OD
PSE,MYS,393.65338134765636,393.65338134765636,1.0,XGB_OD
ROU,USA,5438.156249999971,5438.156249999971,1.0,XGB_OD
RUS,USA,7139.999999999884,7139.999999999884,1.0,XGB_OD
SAU,IDN,1270.8134765625018,1270.8134765625018,1.0,XGB_OD
SDN,IDN,101.62103271484375,101.62103271484375,1.0,XGB_OD
SDN,MYS,98.3560791015625,98.3560791015625,1.0,XGB_OD
SGP,IDN,55.72314453125023,55.72314453125023,1.0,XGB_OD
SGP,MYS,5910.4296875,5910.4296875,1.0,XGB_OD
SLV,USA,18573.5,18573.5,1.0,XGB_OD
SOM,IDN,636.4467773437502,636.4467773437502,1.0,XGB_OD
SOM,MYS,684.3503417968755,684.3503417968755,1.0,XGB_OD
SYR,MYS,739.3005371093755,739.3005371093755,1.0,XGB_OD
THA,IDN,1176.685546875,1176.685546875,1.0,XGB_OD
THA,MYS,7750.843749999956,7750.843749999956,1.0,XGB_OD
THA,USA,7239.375000000058,7239.375000000058,1.0,XGB_OD
TLS,IDN,34137.734375,34137.734375,1.0,XGB_OD
TTO,USA,16547.640625,16547.640625,1.0,XGB_OD
TUR,USA,11817.390625000087,11817.390625000087,1.0,XGB_OD
UKR,USA,14144.562499999884,14144.562499999884,1.0,XGB_OD
USA,ABW,37.325012207031136,37.325012207031136,1.0,XGB_OD
USA,AIA,24.19430541992176,24.19430541992176,1.0,XGB_OD
USA,ALB,14.486328124999545,14.486328124999545,1.0,XGB_OD
USA,AND,3.7457885742187216,3.7457885742187216,1.0,XGB_OD
USA,ARE,702.1523437499945,702.1523437499945,1.0,XGB_OD
USA,ARG,612.4169921875073,612.4169921875073,1.0,XGB_OD
USA,ASM,5.99951171875,5.99951171875,1.0,XGB_OD
USA,ATG,127.20483398437455,127.20483398437455,1.0,XGB_OD
USA,AUS,21252.406250000233,21252.406250000233,1.0,XGB_OD
USA,AUT,680.3242187499891,680.3242187499891,1.0,XGB_OD
USA,BEL,503.3759765625,503.3759765625,1.0,XGB_OD
USA,BGD,12388.707031249949,12388.707031249949,1.0,XGB_OD
USA,BGR,176.72460937499636,176.72460937499636,1.0,XGB_OD
USA,BHR,29.145996093749773,29.145996093749773,1.0,XGB_OD
USA,BHS,367.1259765624909,367.1259765624909,1.0,XGB_OD
USA,BLR,5.069900512695284,5.069900512695284,1.0,XGB_OD
USA,BLZ,440.6455078125018,440.6455078125018,1.0,XGB_OD
USA,BMU,87.02929687499955,87.02929687499955,1.0,XGB_OD
USA,BOL,280.11523437500546,280.11523437500546,1.0,XGB_OD
USA,BRA,265.4023437499782,265.4023437499782,1.0,XGB_OD
USA,BRB,20.379394531250227,20.379394531250227,1.0,XGB_OD
USA,BRN,12.382934570312472,12.382934570312472,1.0,XGB_OD
USA,BTN,10.216186523437443,10.216186523437443,1.0,XGB_OD
USA,BWA,11.38861083984375,11.38861083984375,1.0,XGB_OD
USA,CAN,12024.90625000003,12024.90625000003,1.0,XGB_OD
USA,CHE,3042.734375000029,3042.734375000029,1.0,XGB_OD
USA,CHL,982.8886718750073,982.8886718750073,1.0,XGB_OD
USA,CHN,8319.01171875,8319.01171875,1.0,XGB_OD
USA,CMR,63.36083984375,63.36083984375,1.0,XGB_OD
USA,COG,3.268035888671932,3.268035888671932,1.0,XGB_OD
USA,COK,0.8666458129882812,0.8666458129882812,1.0,XGB_OD
USA,COL,1310.3515625000073,1310.3515625000073,1.0,XGB_OD
USA,CPV,17.700775146484432,17.700775146484432,1.0,XGB_OD
USA,CRI,1538.2109375000146,1538.2109375000146,1.0,XGB_OD
USA,CUB,5.449127197265625,5.449127197265625,1.0,XGB_OD
USA,CUW,5.65423583984375,5.65423583984375,1.0,XGB_OD
USA,CYM,70.03369140624727,70.03369140624727,1.0,XGB_OD
USA,CYP,145.70410156249727,145.70410156249727,1.0,XGB_OD
USA,CZE,143.33251953124545,143.33251953124545,1.0,XGB_OD
USA,DEU,9264.124999999884,9264.124999999884,1.0,XGB_OD
USA,DMA,29.11541748046875,29.11541748046875,1.0,XGB_OD
USA,DNK,11.285156249989086,11.285156249989086,1.0,XGB_OD
USA,DOM,133.2656249999909,133.2656249999909,1.0,XGB_OD
USA,DZA,8.832763671875,8.832763671875,1.0,XGB_OD
USA,ECU,262.81640625000546,262.81640625000546,1.0,XGB_OD
USA,EGY,5986.4208984375,5986.4208984375,1.0,XGB_OD
USA,ESP,3821.06640625,3821.06640625,1.0,XGB_OD
USA,EST,48.85961914062523,48.85961914062523,1.0,XGB_OD
USA,FIN,216.89843749999727,216.89843749999727,1.0,XGB_OD
USA,FLK,3.5780410766601527,3.5780410766601527,1.0,XGB_OD
USA,FRA,2045.2499999999927,2045.2499999999927,1.0,XGB_OD
USA,FRO,5.130336761474624,5.130336761474624,1.0,XGB_OD
USA,GAB,30.047607421875227,30.047607421875227,1.0,XGB_OD
USA,GBR,9759.093749999854,9759.093749999854,1.0,XGB_OD
USA,GEO,16.74816894531253,16.74816894531253,1.0,XGB_OD
USA,GHA,50.58068847656284,50.58068847656284,1.0,XGB_OD
USA,GIN,11.271240234374943,11.271240234374943,1.0,XGB_OD
USA,GLP,10.256683349609432,10.256683349609432,1.0,XGB_OD
USA,GNB,11.846160888671875,11.846160888671875,1.0,XGB_OD
USA,GRC,320.9570312500073,320.9570312500073,1.0,XGB_OD
USA,GRL,2.4746017456054616,2.4746017456054616,1.0,XGB_OD
USA,GTM,461.2636718750073,461.2636718750073,1.0,XGB_OD
USA,GUM,736.0917968750182,736.0917968750182,1.0,XGB_OD
USA,GUY,129.62890625000045,129.62890625000045,1.0,XGB_OD
USA,HKG,214.61328125000364,214.61328125000364,1.0,XGB_OD
USA,HND,246.54248046875,246.54248046875,1.0,XGB_OD
USA,HRV,120.38330078124955,120.38330078124955,1.0,XGB_OD
USA,HTI,9.399902343750227,9.399902343750227,1.0,XGB_OD
USA,HUN,364.4228515625073,364.4228515625073,1.0,XGB_OD
USA,IDN,442.3448486328132,442.3448486328132,1.0,XGB_OD
USA,IMN,15.480621337890682,15.480621337890682,1.0,XGB_OD
USA,IND,126.66015625000728,126.66015625000728,1.0,XGB_OD
USA,IRL,399.20703124998545,399.20703124998545,1.0,XGB_OD
USA,ISL,162.01196289062318,162.01196289062318,1.0,XGB_OD
USA,ISR,4155.453124999956,4155.453124999956,1.0,XGB_OD
USA,ITA,603.9453125000146,603.9453125000146,1.0,XGB_OD
USA,JAM,117.47949218750273,117.47949218750273,1.0,XGB_OD
USA,JPN,17299.6953125,17299.6953125,1.0,XGB_OD
USA,KAZ,14.10614013671875,14.10614013671875,1.0,XGB_OD
USA,KHM,4.26541137695304,4.26541137695304,1.0,XGB_OD
USA,KIR,0.20109939575194602,0.20109939575194602,1.0,XGB_OD
USA,KOR,5141.863281250029,5141.863281250029,1.0,XGB_OD
USA,KWT,358.1210937499991,358.1210937499991,1.0,XGB_OD
USA,LBR,10.770233154296761,10.770233154296761,1.0,XGB_OD
USA,LBY,95.29687500000182,95.29687500000182,1.0,XGB_OD
USA,LCA,53.30114746093727,53.30114746093727,1.0,XGB_OD
USA,LIE,8.380096435546875,8.380096435546875,1.0,XGB_OD
USA,LKA,32.7828369140625,32.7828369140625,1.0,XGB_OD
USA,LSO,9.189086914062443,9.189086914062443,1.0,XGB_OD
USA,LTU,23.841979980468977,23.841979980468977,1.0,XGB_OD
USA,LUX,196.17382812499864,196.17382812499864,1.0,XGB_OD
USA,LVA,16.101806640624886,16.101806640624886,1.0,XGB_OD
USA,MAR,9.24462890625,9.24462890625,1.0,XGB_OD
USA,MDA,10.842773437499943,10.842773437499943,1.0,XGB_OD
USA,MDV,2.9337005615234304,2.9337005615234304,1.0,XGB_OD
USA,MEX,45316.8124999993,45316.8124999993,1.0,XGB_OD
USA,MHL,70.719970703125,70.719970703125,1.0,XGB_OD
USA,MLI,110.58764648437432,110.58764648437432,1.0,XGB_OD
USA,MLT,145.69384765624818,145.69384765624818,1.0,XGB_OD
USA,MNE,15.239501953125,15.239501953125,1.0,XGB_OD
USA,MNG,32.51226806640591,32.51226806640591,1.0,XGB_OD
USA,MRT,7.9791717529296875,7.9791717529296875,1.0,XGB_OD
USA,MSR,2.9816360473633097,2.9816360473633097,1.0,XGB_OD
USA,MUS,1.550323486328118,1.550323486328118,1.0,XGB_OD
USA,NAM,13.39501953125,13.39501953125,1.0,XGB_OD
USA,NIC,280.2885742187468,280.2885742187468,1.0,XGB_OD
USA,NIU,1.8035502433776873,1.8035502433776873,1.0,XGB_OD
USA,NLD,2013.2265624999782,2013.2265624999782,1.0,XGB_OD
USA,NOR,898.4082031249891,898.4082031249891,1.0,XGB_OD
USA,NZL,1136.330078124971,1136.330078124971,1.0,XGB_OD
USA,PAN,4404.953125,4404.953125,1.0,XGB_OD
USA,PER,220.89257812500182,220.89257812500182,1.0,XGB_OD
USA,PHL,175.83496093750364,175.83496093750364,1.0,XGB_OD
USA,PLW,9.597564697265511,9.597564697265511,1.0,XGB_OD
USA,PNG,1.435363769531591,1.435363769531591,1.0,XGB_OD
USA,POL,2717.8417968750146,2717.8417968750146,1.0,XGB_OD
USA,PRI,6198.343749999971,6198.343749999971,1.0,XGB_OD
USA,PRK,23.8753662109375,23.8753662109375,1.0,XGB_OD
USA,PRT,5.883789062505457,5.883789062505457,1.0,XGB_OD
USA,PRY,1.3526611328125,1.3526611328125,1.0,XGB_OD
USA,PSE,204.84765624999545,204.84765624999545,1.0,XGB_OD
USA,QAT,136.22167968749727,136.22167968749727,1.0,XGB_OD
USA,ROU,1412.9565429687555,1412.9565429687555,1.0,XGB_OD
USA,RUS,315.00781250000364,315.00781250000364,1.0,XGB_OD
USA,SEN,31.667236328125,31.667236328125,1.0,XGB_OD
USA,SGP,1929.0253906249782,1929.0253906249782,1.0,XGB_OD
USA,SLB,1.0019931793212855,1.0019931793212855,1.0,XGB_OD
USA,SLE,4.091430664062528,4.091430664062528,1.0,XGB_OD
USA,SLV,197.13232421875182,197.13232421875182,1.0,XGB_OD
USA,SRB,112.47888183593818,112.47888183593818,1.0,XGB_OD
USA,SVK,31.11035156250091,31.11035156250091,1.0,XGB_OD
USA,SVN,17.008422851562386,17.008422851562386,1.0,XGB_OD
USA,SWE,319.5292968750073,319.5292968750073,1.0,XGB_OD
USA,SWZ,17.114105224609432,17.114105224609432,1.0,XGB_OD
USA,SXM,11.691772460937614,11.691772460937614,1.0,XGB_OD
USA,TGO,1.9395904541016193,1.9395904541016193,1.0,XGB_OD
USA,THA,5535.042968749971,5535.042968749971,1.0,XGB_OD
USA,TJK,9.465667724609489,9.465667724609489,1.0,XGB_OD
USA,TLS,4.082565307617195,4.082565307617195,1.0,XGB_OD
USA,TTO,1359.7011718750036,1359.7011718750036,1.0,XGB_OD
USA,TUN,20.735717773437273,20.735717773437273,1.0,XGB_OD
USA,TUR,1308.1269531249782,1308.1269531249782,1.0,XGB_OD
USA,TUV,0.05445981025695801,0.05445981025695801,1.0,XGB_OD
USA,TZA,66.82727050781295,66.82727050781295,1.0,XGB_OD
USA,UGA,66.67846679687477,66.67846679687477,1.0,XGB_OD
USA,UKR,112.68212890624864,112.68212890624864,1.0,XGB_OD
USA,URY,30.48309326171909,30.48309326171909,1.0,XGB_OD
USA,VEN,125.42675781249636,125.42675781249636,1.0,XGB_OD
USA,VGB,0.052490234375909495,0.052490234375909495,1.0,XGB_OD
USA,WSM,0.28363037109369316,0.28363037109369316,1.0,XGB_OD
USA,ZMB,51.982910156250455,51.982910156250455,1.0,XGB_OD
VEN,USA,121323.37500000012,121323.37500000012,1.0,XGB_OD
VNM,IDN,1.774421691894533,1.774421691894533,1.0,XGB_OD
VNM,MYS,0.5289478302001953,0.5289478302001953,1.0,XGB_OD
VNM,USA,27546.5,27546.5,1.0,XGB_OD
YEM,IDN,70.52050781249989,70.52050781249989,1.0,XGB_OD
YEM,MYS,1636.2197265625018,1636.2197265625018,1.0,XGB_OD
